frame,brightness,size,catchlights,blink
0,77.36722306525039,5272,4,0
1,76.78852772466539,5230,4,0
2,76.9831739961759,5230,4,0
3,77.24434389140272,5304,4,0
4,73.5810938981979,6326,5,0
5,73.31849315068493,6424,5,0
6,77.46666666666667,5280,4,0
7,71.32389675270608,2402,2,1
8,78.22019047619048,5250,4,0
9,71.618410041841,2390,2,1
10,77.72482705611068,5204,4,0
11,73.57592472420507,6164,5,0
12,77.85925085130533,5286,4,0
13,73.68643248469223,6206,5,0
14,78.08223684210526,5472,4,0
15,77.75191815856778,5474,4,0
16,77.48087236324633,5594,4,0
17,77.9800868935554,5524,4,0
18,78.10909090909091,5390,4,0
19,78.58308605341246,5392,4,0
20,79.19275786393563,5468,4,0
21,79.36070911722142,5528,4,0
22,79.4018861080885,5514,4,0
23,78.2612349287541,5474,4,0
24,78.14808238636364,5632,4,0
25,73.92231308411215,6848,5,0
26,79.248585572843,5656,4,0
27,75.38139957588609,6602,5,0
28,76.01602959309494,6488,5,0
29,79.94720279720279,5720,4,0
30,76.3657780533168,6452,5,0
31,76.61352201257861,6360,5,0
32,79.65944813133078,5726,4,0
33,80.14556962025317,5688,4,0
34,80.44197359277275,5756,4,0
35,80.01006245662734,5764,4,0
36,78.89458987783595,5730,4,0
37,79.23753051970701,5734,4,0
38,79.37692307692308,5720,4,0
39,79.76192158247969,5662,4,0
40,79.80363506771205,5612,4,0
41,74.12529411764706,6800,5,0
42,74.15529753265602,6890,5,0
43,75.24131736526947,6680,5,0
44,78.18646864686468,6060,5,0
45,80.01030195381882,5630,4,0
46,76.92151898734177,6320,5,0
47,75.81803645666773,6254,5,0
48,0.0,0,0,1
49,0.0,0,0,1
50,0.0,0,0,1
51,0.0,0,0,1
52,48.17,200,1,1
53,0.0,0,0,1
54,0.0,0,0,1
55,0.0,0,0,1
56,0.0,0,0,1
57,0.0,0,0,1
58,48.74285714285714,280,1,1
59,47.69897959183673,392,1,1
60,48.30909090909091,220,1,1
61,0.0,0,0,1
62,53.49710982658959,346,1,1
63,54.014792899408285,676,2,1
64,55.1887323943662,1420,4,0
65,54.513189448441246,834,2,1
66,59.06188925081433,614,1,1
67,60.54032258064516,1736,3,0
68,61.276553106212425,1996,3,0
69,62.9765625,768,1,1
70,61.933277027027025,2368,3,0
71,62.82444626743232,2438,3,0
72,62.94773519163763,2870,4,0
73,65.3055900621118,1610,2,1
74,64.43822276323797,3286,4,0
75,65.2673860911271,3336,4,0
76,63.73659117997616,1678,2,1
77,66.52397067117879,3546,4,0
78,67.45852803738318,3424,4,0
79,66.77424657534246,3650,4,0
80,66.41611479028697,3624,4,0
81,66.6890243902439,3608,4,0
82,67.15895147796988,3586,4,0
83,68.03841991341992,3696,4,0
84,68.52266521026762,3662,4,0
85,66.66970387243735,3512,4,0
86,63.32342007434944,1614,2,1
87,64.21914648212226,1734,2,1
88,70.15594541910332,4104,4,0
89,70.84841307437233,4222,4,0
90,70.57557323350491,4274,4,0
91,73.12147887323944,4544,4,0
92,72.76458245908519,4766,4,0
93,68.37915936952714,2284,2,1
94,75.10578512396694,4840,4,0
95,75.32673684210526,4750,4,0
96,75.94248683677603,4938,4,0
97,75.63788187372708,4910,4,0
98,75.91930379746836,5056,4,0
99,79.62309368191721,2754,2,1
100,72.24740484429066,2312,2,1
101,75.78650306748466,4890,4,0
102,76.37738143494123,4934,4,0
103,76.70415155179363,4962,4,0
104,77.65827198760171,5162,4,0
105,77.02052901697591,5066,4,0
106,77.5756514974718,5142,4,0
107,76.89105058365759,5140,4,0
108,76.16405638214566,5108,4,0
109,76.83463643471462,5116,4,0
110,77.0039494470774,5064,4,0
111,77.32578466428288,5034,4,0
112,73.56070826306915,2372,2,1
113,77.61147477859068,5194,4,0
114,77.14686907020872,5270,4,0
115,77.17368421052632,5320,4,0
116,77.1324028668427,5302,4,0
117,77.08844065166797,5156,4,0
118,77.47391133777953,5098,4,0
119,75.526941362916,5048,4,0
120,74.84364951768488,4976,4,0
121,67.70572745227123,3038,3,0
122,0.0,0,0,1
123,0.0,0,0,1
124,0.0,0,0,1
125,0.0,0,0,1
126,0.0,0,0,1
127,0.0,0,0,1
128,0.0,0,0,1
129,0.0,0,0,1
130,0.0,0,0,1
131,0.0,0,0,1
132,0.0,0,0,1
133,0.0,0,0,1
134,0.0,0,0,1
135,0.0,0,0,1
136,49.04,300,1,1
137,0.0,0,0,1
138,48.68181818181818,220,1,1
139,52.12,200,1,1
140,52.42788461538461,832,3,0
141,56.26021505376344,930,3,0
142,58.33639705882353,1088,3,0
143,55.552429667519185,1564,4,0
144,57.34027777777778,1440,3,0
145,57.07055630936228,1474,3,0
146,55.41638981173865,1806,4,0
147,56.57722772277228,2020,4,0
148,54.96606334841629,884,2,1
149,59.38601271571299,2202,3,0
150,59.91047448522829,2234,3,0
151,62.56991869918699,2460,3,0
152,63.59909228441755,2644,3,0
153,63.78283485045514,3076,4,0
154,64.70453134698944,3222,4,0
155,65.21663313212609,2982,4,0
156,63.109777015437395,1166,2,1
157,67.23478260869565,3220,4,0
158,67.18538011695907,3420,4,0
159,67.82024432809773,3438,4,0
160,67.73272933182334,3532,4,0
161,68.51004016064257,3486,4,0
162,68.74125132555673,3772,4,0
163,65.4393063583815,1730,2,1
164,70.37803692905733,4116,4,0
165,70.18905715681485,4094,4,0
166,72.04413858566683,4214,4,0
167,72.250452079566,4424,4,0
168,73.7691637630662,4592,4,0
169,74.96407653260445,5122,4,0
170,75.75164920450136,5154,4,0
171,76.88403669724771,5450,4,0
172,76.9102658788774,5416,4,0
173,77.08981380065717,5478,4,0
174,74.13232938160846,6242,5,0
175,78.53016453382084,5470,4,0
176,79.19479553903346,5380,4,0
177,79.43132887899034,5388,4,0
178,79.49164244186046,5504,4,0
179,75.4450721908349,6372,5,0
180,74.8495085995086,6512,5,0
181,75.60221169036335,6330,5,0
182,80.03339382940109,5510,4,0
183,79.82717353044703,5682,4,0
184,79.70290368271955,5648,4,0
185,77.96647280191584,5846,5,0
186,79.2708555200568,5634,4,0
187,79.19971264367815,5568,4,0
188,79.40084240084241,5698,4,0
189,79.41148160880027,5818,4,0
190,75.7045871559633,6540,5,0
191,74.64526088298858,6478,5,0
192,78.8825194621373,5652,4,0
193,74.6461961503208,6546,5,0
194,78.90641616448067,5642,4,0
195,79.17785714285715,5600,4,0
196,74.98493975903614,6640,5,0
197,75.04390543444887,6514,5,0
198,75.44416403785489,6340,5,0
199,79.15135327635328,5616,4,0
200,78.9881974248927,5592,4,0
201,79.18015759312321,5584,4,0
202,79.24188896899784,5548,4,0
203,79.37697841726619,5560,4,0
204,79.24309788454643,5578,4,0
205,78.78589511754069,5530,4,0
206,78.8497277676951,5510,4,0
207,77.08615916955017,5780,5,0
208,78.44578754578754,5460,4,0
209,78.57106320789185,5474,4,0
210,76.6173050615595,5848,5,0
211,77.58463172804532,5648,5,0
212,76.21584424303458,5958,5,0
213,78.80973451327434,5424,4,0
214,76.34116288024644,5194,4,0
215,75.55668841761828,4904,4,0
216,75.71546310832025,5096,4,0
217,75.37209302325581,5074,4,0
218,73.38303886925794,5660,5,0
219,77.26088693567719,5006,4,0
220,76.41755214482487,5082,4,0
221,77.5231124807396,5192,4,0
222,77.73431594860166,5292,4,0
223,77.97340015420201,5188,4,0
224,78.19753086419753,5184,4,0
225,78.09536373916322,5306,4,0
226,78.21297006907137,5212,4,0
227,78.32502874664623,5218,4,0
228,83.18272662384011,2802,2,1
229,78.63803680981596,5216,4,0
230,78.45073133179369,5196,4,0
231,78.21269230769231,5200,4,0
232,77.70235794356397,5174,4,0
233,75.92931309904154,5008,4,0
234,72.87129144851657,4584,4,0
235,0.0,0,0,1
236,0.0,0,0,1
237,48.14492753623188,414,1,1
238,0.0,0,0,1
239,0.0,0,0,1
240,0.0,0,0,1
241,0.0,0,0,1
242,0.0,0,0,1
243,0.0,0,0,1
244,0.0,0,0,1
245,0.0,0,0,1
246,0.0,0,0,1
247,0.0,0,0,1
248,0.0,0,0,1
249,0.0,0,0,1
250,0.0,0,0,1
251,0.0,0,0,1
252,0.0,0,0,1
253,0.0,0,0,1
254,55.24598930481283,374,1,1
255,0.0,0,0,1
256,57.141716566866265,1002,3,0
257,56.84795321637427,684,2,1
258,52.887978142076506,732,2,1
259,53.35737704918033,610,2,1
260,52.75794251134644,1322,4,0
261,53.14931506849315,1460,4,0
262,53.86901408450704,1420,4,0
263,55.30451127819549,1596,4,0
264,56.433476394849784,1398,3,0
265,55.559128630705395,1928,4,0
266,55.84301075268817,930,2,1
267,55.68421052631579,988,2,1
268,59.393626991565135,2134,4,0
269,62.29588014981273,2136,3,0
270,62.18556701030928,2134,3,0
271,64.36820083682008,2390,3,0
272,64.1339352896915,2658,4,0
273,64.26364942528735,2784,4,0
274,64.55880256593015,2806,4,0
275,65.18657243816254,2830,4,0
276,64.58183079056866,2884,4,0
277,63.801980198019805,3030,4,0
278,65.98668754894284,2554,3,0
279,63.62844036697248,2616,4,0
280,63.92354277062831,2642,4,0
281,65.26115166261151,2466,3,0
282,65.02663622526636,2628,3,0
283,65.36552748885588,2692,3,0
284,65.9463746223565,2648,3,0
285,65.56708673091178,2698,3,0
286,66.48136882129278,2630,3,0
287,66.57734204793029,2754,3,0
288,66.06657789613848,3004,4,0
289,65.86055519690123,3098,4,0
290,66.38793103448276,3016,4,0
291,65.95708955223881,3216,4,0
292,66.54968944099379,3220,4,0
293,66.49501867995019,3212,4,0
294,66.22917971195993,3194,4,0
295,64.33909574468085,1504,2,1
296,66.15203671830177,3486,4,0
297,67.07434554973823,3820,4,0
298,69.04664274730908,3902,4,0
299,70.45009596928983,4168,4,0
300,70.10478468899521,4180,4,0
301,71.76031164069661,4364,4,0
302,71.58820776789892,4274,4,0
303,69.90864440078586,2036,2,1
304,73.13015284854099,4318,4,0
305,74.05970829535096,4388,4,0
306,72.9263494967978,4372,4,0
307,72.73865199449794,4362,4,0
308,76.50327332242226,2444,2,1
309,72.62220309810671,4648,4,0
310,73.53106125970665,4636,4,0
311,76.73648648648648,2368,2,1
312,73.29918032786885,4880,4,0
313,73.66733952361727,4954,4,0
314,72.05669737774627,5644,5,0
315,72.42088032011641,5498,5,0
316,73.63682493657122,5518,5,0
317,76.33703987730061,5216,4,0
318,76.72586141613026,5282,4,0
319,76.95731254639941,5388,4,0
320,77.28656273199704,5388,4,0
321,77.16801541425819,5190,4,0
322,77.50114854517611,5224,4,0
323,77.40045078888055,5324,4,0
324,77.24868322046652,5316,4,0
325,77.45888399412628,5448,4,0
326,78.11449814126394,5380,4,0
327,77.81213235294118,5440,4,0
328,78.77072442120986,5356,4,0
329,73.36006415396953,2494,2,1
330,77.29026146267526,5278,4,0
331,80.08377358490566,2650,2,1
332,30.209946318454477,190382,16,1
333,77.29823889739663,5224,4,0
334,30.223630300142926,188910,12,1
335,74.09851049424509,5908,5,0
336,76.78305709023941,5430,4,0
337,74.53061900033101,6042,5,0
338,73.47781885397413,6492,5,0
339,78.99146250927988,5388,4,0
340,78.27089552238806,5360,4,0
341,78.37661843107388,5252,4,0
342,77.68613413715147,5308,4,0
343,77.34654205607477,5350,4,0
344,77.16378012048193,5312,4,0
345,77.01647940074906,5340,4,0
346,72.5243664717349,6156,5,0
347,77.02178812922615,5324,4,0
348,76.85545286506469,5410,4,0
349,77.44846900672144,5356,4,0
350,77.7742418569824,5342,4,0
351,77.07262164124909,5508,4,0
352,77.18683729433272,5470,4,0
353,77.1423276501112,5396,4,0
354,77.4944279346211,5384,4,0
355,77.16276477146042,5382,4,0
356,77.95590959614672,5398,4,0
357,77.88598130841122,5350,4,0
358,73.84650805832693,2606,2,1
359,77.55117513267626,5276,4,0
360,77.36108028116907,5406,4,0
361,78.39871987951807,5312,4,0
362,70.1188446969697,4224,4,0
363,66.67204695524578,2726,3,0
364,57.92020373514431,1178,2,1
365,0.0,0,0,1
366,0.0,0,0,1
367,0.0,0,0,1
368,0.0,0,0,1
369,0.0,0,0,1
370,0.0,0,0,1
371,0.0,0,0,1
372,0.0,0,0,1
373,0.0,0,0,1
374,0.0,0,0,1
375,0.0,0,0,1
376,0.0,0,0,1
377,51.42727272727273,220,1,1
378,0.0,0,0,1
379,51.06369426751592,628,2,1
380,53.958333333333336,528,2,1
381,55.153481012658226,1264,3,0
382,57.784933171324425,1646,3,0
383,59.55368421052631,1900,3,0
384,59.79531568228106,1964,3,0
385,62.11180679785331,2236,3,0
386,61.12783505154639,970,1,1
387,63.02972972972973,2960,4,0
388,63.314802411252515,2986,4,0
389,63.34685230024213,3304,4,0
390,63.578947368421055,3306,4,0
391,64.36645236703681,3422,4,0
392,65.35185185185185,3564,4,0
393,65.75418692598595,3702,4,0
394,66.43962362780972,3826,4,0
395,67.11697127937337,3830,4,0
396,67.52811350499212,3806,4,0
397,67.65159574468085,3760,4,0
398,67.48188405797102,3864,4,0
399,67.08490086426029,3934,4,0
400,68.02031714568881,4036,4,0
401,68.58572122389509,4118,4,0
402,68.9617202268431,4232,4,0
403,69.22014925373135,4288,4,0
404,65.2116935483871,1984,2,1
405,69.96173351775012,4338,4,0
406,69.84400731930467,4372,4,0
407,68.69907407407408,4320,4,0
408,66.23874118285404,3686,4,0
409,0.0,0,0,1
410,50.33507853403141,382,1,1
411,0.0,0,0,1
412,0.0,0,0,1
413,0.0,0,0,1
414,0.0,0,0,1
415,0.0,0,0,1
416,0.0,0,0,1
417,0.0,0,0,1
418,0.0,0,0,1
419,0.0,0,0,1
420,49.36875,320,1,1
421,0.0,0,0,1
422,0.0,0,0,1
423,51.13076923076923,260,1,1
424,52.75503355704698,596,2,1
425,54.85207100591716,676,2,1
426,53.811918063314714,1074,3,0
427,55.01437699680511,1252,3,0
428,54.984299516908216,1656,3,0
429,57.90015600624025,1282,2,1
430,57.52680965147453,1492,3,0
431,59.03103448275862,580,1,1
432,60.221518987341774,632,1,1
433,61.35227272727273,1584,2,1
434,61.84950495049505,2020,3,0
435,62.18020833333333,1920,3,0
436,62.493426140757926,2586,4,0
437,62.30853994490358,2904,4,0
438,63.50735294117647,2992,4,0
439,63.930944625407164,3070,4,0
440,64.02777777777777,3168,4,0
441,64.30604982206405,3372,4,0
442,64.92504461629981,3362,4,0
443,65.75675675675676,3478,4,0
444,66.64176470588235,3400,4,0
445,67.1271611823759,3586,4,0
446,69.72296601441812,1942,2,1
447,67.35045478865703,3738,4,0
448,66.1398116013882,4034,5,0
449,68.45269582909461,3932,4,0
450,68.83589743589744,3900,4,0
451,69.80852130325815,3990,4,0
452,69.70256916996047,4048,4,0
453,69.73915187376726,4056,4,0
454,69.39694280078895,4056,4,0
455,69.2964267740312,3974,4,0
456,68.26953511374876,4044,4,0
457,69.09481481481481,4050,4,0
458,67.06003078501796,3898,4,0
459,29.86806218020987,184496,16,1
460,68.98653042266605,4306,4,0
461,30.05916748934139,184358,16,1
462,30.177078006158666,183806,11,1
463,66.0,1910,2,1
464,69.6668228678538,4268,4,0
465,69.94536033914272,4246,4,0
466,71.13953488372093,4300,4,0
467,71.15816565278428,4274,4,0
468,71.13741875580315,4308,4,0
469,71.71461609620721,4324,4,0
470,71.73773498395232,4362,4,0
471,72.29913753971857,4406,4,0
472,72.53988283010365,4438,4,0
473,71.26107445805843,4244,4,0
474,69.42657342657343,4004,4,0
475,68.89638932496075,3822,4,0
476,66.4812362030905,1812,2,1
477,68.93820224719101,3916,4,0
478,66.62979189485213,1826,2,1
479,69.45217391304348,4140,4,0
480,70.18811881188118,4040,4,0
481,70.77857484457198,4182,4,0
482,71.21445221445221,4290,4,0
483,72.40971585701192,4364,4,0
484,73.3170055452865,4328,4,0
485,73.45433685176687,4358,4,0
486,72.90892614408699,4414,4,0
487,72.56852343059239,4524,4,0
488,70.16750700280112,3570,4,0
489,0.0,0,0,1
490,0.0,0,0,1
491,0.0,0,0,1
492,0.0,0,0,1
493,47.23776223776224,286,1,1
494,0.0,0,0,1
495,0.0,0,0,1
496,0.0,0,0,1
497,48.24755700325733,614,1,1
498,0.0,0,0,1
499,0.0,0,0,1
500,0.0,0,0,1
501,0.0,0,0,1
502,0.0,0,0,1
503,0.0,0,0,1
504,0.0,0,0,1
505,0.0,0,0,1
506,0.0,0,0,1
507,0.0,0,0,1
508,0.0,0,0,1
509,56.78321678321678,1430,3,0
510,57.50628366247756,1114,2,1
511,56.99145299145299,1404,3,0
512,57.51058201058201,1512,3,0
513,57.91906721536351,1458,3,0
514,58.57503320053121,1506,3,0
515,59.580862533692724,1484,3,0
516,59.237797246558195,1598,3,0
517,58.372549019607845,1530,3,0
518,58.37547408343868,1582,3,0
519,58.833333333333336,1524,3,0
520,59.00361881785283,1658,3,0
521,59.872727272727275,1430,2,1
522,59.927125506072876,1976,3,0
523,61.13142857142857,2100,3,0
524,61.601216333622936,2302,3,0
525,60.50687022900763,2620,4,0
526,61.303307529908516,2842,4,0
527,60.19674185463659,3192,5,0
528,60.84150030248034,3306,5,0
529,61.324153757888695,3486,5,0
530,62.45015105740181,3310,4,0
531,63.13344226579521,3672,5,0
532,65.49242424242425,3432,4,0
533,65.72811310494833,3678,4,0
534,66.12859560067682,3546,4,0
535,65.58514796203238,3582,4,0
536,65.9750593824228,3368,4,0
537,65.38117106773824,3484,4,0
538,65.1951219512195,3362,4,0
539,66.08187772925764,3664,4,0
540,65.90785169029444,3668,4,0
541,67.6582411795682,3798,4,0
542,67.70989236289083,3902,4,0
543,68.050822122571,4014,4,0
544,68.01083743842365,4060,4,0
545,67.51200768491834,4164,4,0
546,0.0,0,0,1
547,0.0,0,0,1
548,0.0,0,0,1
549,48.049056603773586,530,1,1
550,0.0,0,0,1
551,0.0,0,0,1
552,0.0,0,0,1
553,0.0,0,0,1
554,0.0,0,0,1
555,0.0,0,0,1
556,0.0,0,0,1
557,0.0,0,0,1
558,0.0,0,0,1
559,0.0,0,0,1
560,0.0,0,0,1
561,0.0,0,0,1
562,0.0,0,0,1
563,0.0,0,0,1
564,0.0,0,0,1
565,0.0,0,0,1
566,0.0,0,0,1
567,53.92035398230089,452,1,1
568,54.08438818565401,474,1,1
569,55.30183727034121,762,2,1
570,55.1356783919598,796,2,1
571,57.0792507204611,1388,3,0
572,55.79054054054054,1480,4,0
573,56.24249422632794,1732,4,0
574,57.094682230869005,1542,3,0
575,57.814266487214,1486,3,0
576,58.662131519274375,1764,3,0
577,60.08391608391609,1716,3,0
578,58.32629107981221,1704,3,0
579,59.7736131934033,1334,2,1
580,59.58303886925795,1698,3,0
581,60.2363834422658,1836,3,0
582,60.3691073219659,1994,3,0
583,60.76076076076076,1998,3,0
584,61.85175438596491,2280,3,0
585,61.601694915254235,2360,3,0
586,63.729795918367344,2450,3,0
587,64.08596918085969,2466,3,0
588,63.90219092331768,2556,3,0
589,64.33458929917106,2654,3,0
590,64.89296407185628,2672,3,0
591,63.868456375838925,2980,4,0
592,63.84433634468381,2878,4,0
593,64.40973201692525,2836,4,0
594,64.33847184986595,2984,4,0
595,64.22781623662681,3178,4,0
596,64.49733570159857,3378,4,0
597,64.7519287833828,3370,4,0
598,65.08303249097473,3324,4,0
599,64.3335322195704,3352,4,0
600,64.33675316837659,3314,4,0
601,64.57881619937694,3210,4,0
602,64.82056074766355,3210,4,0
603,64.7533039647577,3178,4,0
604,63.61128928800513,3118,4,0
605,64.21985815602837,1410,2,1
606,63.556300268096514,1492,2,1
607,62.99068901303538,3222,4,0
608,64.03093987157034,3426,4,0
609,64.83797909407666,3444,4,0
610,66.07280750137893,3626,4,0
611,67.21982758620689,3712,4,0
612,66.93290734824281,3756,4,0
613,67.7811320754717,3710,4,0
614,68.01573976915006,3812,4,0
615,67.25792811839324,3784,4,0
616,69.00594273365748,3702,4,0
617,67.99358974358974,3744,4,0
618,68.19686316928069,3698,4,0
619,68.1448275862069,3770,4,0
620,67.70403825717322,3764,4,0
621,67.94949494949495,3960,4,0
622,67.9963768115942,3864,4,0
623,68.12584856396867,3830,4,0
624,59.551507537688444,1592,3,0
625,0.0,0,0,1
626,0.0,0,0,1
627,0.0,0,0,1
628,0.0,0,0,1
629,0.0,0,0,1
630,0.0,0,0,1
631,0.0,0,0,1
632,0.0,0,0,1
633,0.0,0,0,1
634,0.0,0,0,1
635,0.0,0,0,1
636,0.0,0,0,1
637,0.0,0,0,1
638,0.0,0,0,1
639,47.9,220,1,1
640,0.0,0,0,1
641,0.0,0,0,1
642,0.0,0,0,1
643,0.0,0,0,1
644,50.81818181818182,220,1,1
645,50.16,200,1,1
646,53.11001964636542,1018,3,0
647,54.66307277628032,1484,4,0
648,56.552011095700415,1442,3,0
649,57.54442148760331,1936,4,0
650,58.621973929236496,2148,4,0
651,61.474114441416894,2202,3,0
652,62.30213089802131,2628,4,0
653,61.81570996978852,1324,2,1
654,61.52554744525548,1370,2,1
655,62.34366391184573,2904,4,0
656,63.01156462585034,2940,4,0
657,63.18753973299428,3146,4,0
658,63.16749379652605,1612,2,1
659,63.14980289093298,1522,2,1
660,64.01144310235219,3146,4,0
661,64.97666882696046,3086,4,0
662,64.30281229561805,3058,4,0
663,64.3594351732991,3116,4,0
664,64.46401985111663,3224,4,0
665,64.51273885350318,3140,4,0
666,64.47284929835266,3278,4,0
667,64.78148148148148,3240,4,0
668,65.25523486134692,3534,4,0
669,64.19653179190752,1730,2,1
670,64.62575210589651,1662,2,1
671,64.65714285714286,1610,2,1
672,66.05584045584045,3510,4,0
673,66.41084824004616,3466,4,0
674,66.73699095022624,3536,4,0
675,66.30731170973063,3638,4,0
676,66.48767416934619,3732,4,0
677,66.62602459016394,3904,4,0
678,66.97915553180117,3742,4,0
679,67.66906474820144,3892,4,0
680,68.23761375126391,3956,4,0
681,68.73906560636183,4024,4,0
682,69.99364924279433,4094,4,0
683,69.77040314650934,4068,4,0
684,69.48398225726959,4058,4,0
685,69.57871287128712,4040,4,0
686,68.1014344262295,1952,2,1
687,69.43459088682019,4082,4,0
688,69.8795731707317,3936,4,0
689,69.73960821786909,4186,4,0
690,69.60189125295508,4230,4,0
691,70.17403574788335,4252,4,0
692,69.73989283974672,4106,4,0
693,68.65527791942887,3922,4,0
694,64.34166146158651,3202,4,0
695,0.0,0,0,1
696,0.0,0,0,1
697,0.0,0,0,1
698,0.0,0,0,1
699,0.0,0,0,1
700,0.0,0,0,1
701,0.0,0,0,1
702,0.0,0,0,1
703,0.0,0,0,1
704,0.0,0,0,1
705,0.0,0,0,1
706,0.0,0,0,1
707,0.0,0,0,1
708,0.0,0,0,1
709,0.0,0,0,1
710,0.0,0,0,1
711,0.0,0,0,1
712,0.0,0,0,1
713,0.0,0,0,1
714,0.0,0,0,1
715,0.0,0,0,1
716,0.0,0,0,1
717,52.785714285714285,504,2,1
718,53.17843137254902,1020,3,0
719,55.91798107255521,1268,3,0
720,56.04340567612688,1198,3,0
721,57.971684053651266,1342,3,0
722,58.64246575342466,1460,3,0
723,59.59817945383615,1538,3,0
724,59.81658291457286,1592,3,0
725,60.41484184914842,1644,3,0
726,60.428089887640446,1780,3,0
727,60.84350721420644,1802,3,0
728,60.58426966292135,1780,3,0
729,60.814081408140815,1818,3,0
730,61.24397031539889,2156,3,0
731,61.359310910582444,2438,4,0
732,62.04400283889283,2818,4,0
733,63.20893561103811,3044,4,0
734,61.897402597402596,1540,2,1
735,62.58568738229755,3186,4,0
736,62.82814445828144,1606,2,1
737,63.238267148014444,3324,4,0
738,64.68948655256723,3272,4,0
739,62.897277227722775,1616,2,1
740,63.03049555273189,1574,2,1
741,64.4900234741784,3408,4,0
742,64.37162954279015,3412,4,0
743,64.53567318757192,3476,4,0
744,64.97036606624056,3442,4,0
745,65.162224797219,1726,2,1
746,64.16704936854191,3484,4,0
747,64.9102489866821,3454,4,0
748,65.36358279316441,3394,4,0
749,64.21741778319122,3284,4,0
750,63.721330956625074,3366,4,0
751,63.75949367088607,3160,4,0
752,63.84540474741327,3286,4,0
753,64.23381294964028,3336,4,0
754,64.64219114219114,3432,4,0
755,64.90260869565218,3450,4,0
756,64.92002268859898,3526,4,0
757,65.38775510204081,3528,4,0
758,65.53863508178229,3546,4,0
759,65.01679306608884,3692,5,0
760,65.97182320441989,3620,4,0
761,66.11018826135106,3612,4,0
762,66.18563188253802,3814,4,0
763,66.29166666666667,3792,4,0
764,66.88480392156863,4080,4,0
765,67.22818137493906,4102,4,0
766,68.02847805788983,4284,4,0
767,68.42457588262265,4362,4,0
768,69.52031760859411,4282,4,0
769,69.27742230347349,4376,4,0
770,68.86842105263158,4484,4,0
771,69.73265020959478,4294,4,0
772,69.67448405253283,4264,4,0
773,69.87864752200093,4318,4,0
774,70.17014218009479,4220,4,0
775,70.28211227402474,4204,4,0
776,69.77777777777777,4158,4,0
777,69.4378896882494,4170,4,0
778,68.5360576923077,4160,4,0
779,68.30854126679462,4168,4,0
780,68.2721249408424,4226,4,0
781,68.35515779557231,4246,4,0
782,68.12589413447783,4194,4,0
783,68.17035611164582,4156,4,0
784,68.2346553352219,4236,4,0
785,69.15440464666021,4132,4,0
786,69.29003306565895,4234,4,0
787,69.31896152063051,4314,4,0
788,69.74478694469629,4412,4,0
789,69.90650779101742,4364,4,0
790,66.7302192564347,2098,2,1
791,69.98246423627134,4334,4,0
792,69.84491486424298,4346,4,0
793,69.8886373924853,4418,4,0
794,68.91516333495856,4102,4,0
795,68.85966633954858,4076,4,0
796,68.8014293006636,3918,4,0
797,68.20180562931492,3766,4,0
798,0.0,0,0,1
799,0.0,0,0,1
800,0.0,0,0,1
801,0.0,0,0,1
802,0.0,0,0,1
803,0.0,0,0,1
804,0.0,0,0,1
805,0.0,0,0,1
806,0.0,0,0,1
807,0.0,0,0,1
808,0.0,0,0,1
809,0.0,0,0,1
810,0.0,0,0,1
811,0.0,0,0,1
812,0.0,0,0,1
813,0.0,0,0,1
814,0.0,0,0,1
815,0.0,0,0,1
816,0.0,0,0,1
817,50.63076923076923,520,2,1
818,52.704280155642024,1028,3,0
819,54.57549857549858,1404,3,0
820,55.703125,1536,3,0
821,56.63530927835052,1552,3,0
822,57.625,1552,3,0
823,58.55614973262032,1496,3,0
824,59.340987370838114,1742,3,0
825,59.611617312072894,1756,3,0
826,60.37537239324727,2014,3,0
827,61.707383773928896,2194,3,0
828,61.45122918318795,2522,4,0
829,61.70566037735849,2650,4,0
830,61.180731364275665,2844,4,0
831,63.202476780185755,3230,4,0
832,63.81008206330598,1706,2,1
833,66.10436755530345,3526,4,0
834,67.93786510886882,3766,4,0
835,66.73056443024494,1878,2,1
836,65.91524490919097,3634,4,0
837,65.04248366013071,1836,2,1
838,66.61932114882507,3830,4,0
839,66.17629331993973,3982,4,0
840,66.53225806451613,3968,4,0
841,66.3179104477612,4020,4,0
842,66.65446768060836,4208,4,0
843,67.70780141843971,4230,4,0
844,68.69392523364486,4280,4,0
845,70.74258329529896,4382,4,0
846,71.79157525230364,4558,4,0
847,73.08659793814434,4850,4,0
848,73.49547325102881,4860,4,0
849,73.34108216432865,4990,4,0
850,73.95598731165741,5044,4,0
851,74.09941520467837,5130,4,0
852,73.94150867285195,4958,4,0
853,74.77836304700162,4936,4,0
854,66.85127900059489,3362,4,0
855,0.0,0,0,1
856,0.0,0,0,1
857,0.0,0,0,1
858,0.0,0,0,1
859,0.0,0,0,1
860,0.0,0,0,1
861,0.0,0,0,1
862,0.0,0,0,1
863,0.0,0,0,1
864,0.0,0,0,1
865,0.0,0,0,1
866,0.0,0,0,1
867,0.0,0,0,1
868,0.0,0,0,1
869,0.0,0,0,1
870,0.0,0,0,1
871,0.0,0,0,1
872,0.0,0,0,1
873,0.0,0,0,1
874,0.0,0,0,1
875,0.0,0,0,1
876,0.0,0,0,1
877,0.0,0,0,1
878,48.22,200,1,1
879,48.426923076923075,520,1,1
880,50.1764705882353,238,1,1
881,52.39593908629442,394,1,1
882,54.13240418118467,574,2,1
883,52.10771704180064,1244,4,0
884,56.02389705882353,1088,3,0
885,55.646420824295014,922,2,1
886,57.729166666666664,1248,3,0
887,57.26003490401396,1146,3,0
888,57.02892561983471,968,2,1
889,55.82534246575342,1168,3,0
890,56.31147540983606,1098,3,0
891,56.52743902439025,1312,3,0
892,57.31240875912409,1370,3,0
893,57.80551905387648,1522,3,0
894,58.288776796973515,1586,3,0
895,59.036745406824146,1524,3,0
896,58.55642023346304,1542,3,0
897,59.51315789473684,608,1,1
898,58.6554054054054,1776,3,0
899,59.36030204962244,1854,3,0
900,59.43770672546858,1814,3,0
